fileName;bpmnModeler;Task;Call Activity;Task Compensate;Call Activity Compensate;Task Standard Loop;Call Activity Standard Loop;Task Standard Loop Compensate;Call Activity Loop Standard Compensate;Task Loop Parallel MI;Call Activity Loop Parallel MI;Task Loop MI Parallel Compensate;Call Activity Loop MI Parallel Compensate;Task Loop MI Sequential;Call Activity Loop MI Sequential;Task Loop MI Sequential Compensate;Call Activity Loop MI Sequential Compensate;Send Task;Send Task Compensate;Send Task Loop Standard;Send Task Loop Standard Compensate;Send Task Loop MI Parallel;Send Task Loop MI Parallel Compensate;Send Task Loop MI Sequential;Send Task Loop MI Sequential Compensate;Receive Task;Receive Task Compensate;Receive Task Loop Standard;Receive Task Loop Standard Compensate;Receive Task Loop MI Parallel;Receive Task Loop MI Parallel Compensate;Receive Task Loop MI Sequential;Receive Task Loop MI Sequential Compensate;User Task;User Task Compensate;User Task Loop Standard;User Task Loop Standard Compensate;User Task Loop MI Parallel;User Task Loop MI Parallel Compensate;User Task Loop MI Sequential;User Task Loop MI Sequential Compensate;Manual Task;Manual Task Compensate;Manual Task Loop Standard;Manual Task Loop Standard Compensate;Manual Task Loop MI Parallel;Manual Task Loop MI Parallel Compensate;Manual Task Loop MI Sequential;Manual Task Manual Loop MI Sequential Compensate;Business Rule Task;Business Rule Task Compensate;Business Rule Task Loop Standard;Business Rule Task Loop Standard Compensate;Business Rule Task Loop MI Parallel;Business Rule Task Loop MI Parallel Compensate;Business Rule Task Loop MI Sequential;Business Rule Task Loop MI Sequential Compensate;Service Task ;Service Task Compensate;Service Task Loop Standard;Service Task Loop Standard Compensate;Service Task Loop MI Parallel;Service Task Loop MI Parallel Compensate;Service Task Loop MI Sequential;Service Task Loop MI Sequential Compensate;Task ScriptLoopNoneCompensateNone;Task ScriptLoopNoneCompensate;TaskScriptLoopStandardCompensateNone;TaskScriptLoopStandardCompensate;TaskScriptLoopMIParallelCompensateNone;TaskScriptLoopMIParallelCompensate;TaskScriptLoopMISequentialCompensateNone;TaskScriptLoopMISequentialCompensate;SubProcessExtendedEventNoneAdHocNoneTransactionNoneLoopNoneCompensateNone;SubProcessExtendedEventNoneAdHocNoneTransactionNoneLoopNoneCompensate;SubProcessExtendedEventNoneAdHocNoneTransactionNoneLoopStandardCompensateNone;SubProcessExtendedEventNoneAdHocNoneTransactionNoneLoopStandardCompensate;SubProcessExtendedEventNoneAdHocNoneTransactionNoneLoopMIParallelCompensateNone;SubProcessExtendedEventNoneAdHocNoneTransactionNoneLoopMIParallelCompensate;SubProcessExtendedEventNoneAdHocNoneTransactionNoneLoopMISequentialCompensateNone;SubProcessExtendedEventNoneAdHocNoneTransactionNoneLoopMISequentialCompensate;SubProcessExtendedEventNoneAdHocLoopNoneCompensateNone;SubProcessExtendedEventNoneAdHocLoopNoneCompensate;SubProcessExtendedEventNoneAdHocLoopStandardCompensateNone;SubProcessExtendedEventNoneAdHocLoopStandardCompensate;SubProcessExtendedEventNoneAdHocLoopMIParallelCompensateNone;SubProcessExtendedEventNoneAdHocLoopMIParallelCompensate;SubProcessExtendedEventNoneAdHocLoopMISequentialCompensateNone;SubProcessExtendedEventNoneAdHocLoopMISequentialCompensate;SubProcessExtendedEventNoneTransactionLoopNoneCompensateNone;SubProcessExtendedEventNoneTransactionLoopNoneCompensate;SubProcessExtendedEventNoneTransactionLoopStandardCompensateNone;SubProcessExtendedEventNoneTransactionLoopStandardCompensate;SubProcessExtendedEventNoneTransactionLoopMIParallelCompensateNone;SubProcessExtendedEventNoneTransactionLoopMIParallelCompensate;SubProcessExtendedEventNoneTransactionLoopMISequentialCompensateNone;SubProcessExtendedEventNoneTransactionLoopMISequentialCompensate;SubProcessExtendedEventLoopNoneCompensateNone;SubProcessExtendedEventLoopNoneCompensate;SubProcessExtendedEventLoopStandardCompensateNone;SubProcessExtendedEventLoopStandardCompensate;SubProcessExtendedEventLoopMIParallelCompensateNone;SubProcessExtendedEventLoopMIParallelCompensate;SubProcessExtendedEventLoopMISequentialCompensateNone;SubProcessExtendedEventLoopMISequentialCompensate;SubProcessExtendedEventAdHocLoopNoneCompensateNone;SubProcessExtendedEventAdHocLoopNoneCompensate;SubProcessExtendedEventAdHocLoopStandardCompensateNone;SubProcessExtendedEventAdHocLoopStandardCompensate;SubProcessExtendedEventAdHocLoopMIParallelCompensateNone;SubProcessExtendedEventAdHocLoopMIParallelCompensate;SubProcessExtendedEventAdHocLoopMISequentialCompensateNone;SubProcessExtendedEventAdHocLoopMISequentialCompensate;Collapsed SubProcess;Collapsed SubProcess Compensate;Collapsed SubProcess Loop Standard;Collapsed SubProcess Loop Standard Compensate;Collapsed SubProcess Loop Parallel MI;SubProcessCollapsedEventNoneAdHocNoneTransactionNoneLoopMIParallelCompensate;SubProcessCollapsedEventNoneAdHocNoneTransactionNoneLoopMISequentialCompensateNone;SubProcessCollapsedEventNoneAdHocNoneTransactionNoneLoopMISequentialCompensate;SubProcessCollapsedEventNoneAdHocLoopNoneCompensateNone;SubProcessCollapsedEventNoneAdHocLoopNoneCompensate;SubProcessCollapsedEventNoneAdHocLoopStandardCompensateNone;SubProcessCollapsedEventNoneAdHocLoopStandardCompensate;SubProcessCollapsedEventNoneAdHocLoopMIParallelCompensateNone;SubProcessCollapsedEventNoneAdHocLoopMIParallelCompensate;SubProcessCollapsedEventNoneAdHocLoopMISequentialCompensateNone;SubProcessCollapsedEventNoneAdHocLoopMISequentialCompensate;SubProcessCollapsedEventNoneTransactionLoopNoneCompensateNone;SubProcessCollapsedEventNoneTransactionLoopNoneCompensate;SubProcessCollapsedEventNoneTransactionLoopStandardCompensateNone;SubProcessCollapsedEventNoneTransactionLoopStandardCompensate;SubProcessCollapsedEventNoneTransactionLoopMIParallelCompensateNone;SubProcessCollapsedEventNoneTransactionLoopMIParallelCompensate;SubProcessCollapsedEventNoneTransactionLoopMISequentialCompensateNone;SubProcessCollapsedEventNoneTransactionLoopMISequentialCompensate;SubProcessCollapsedEventLoopNoneCompensateNone;SubProcessCollapsedEventLoopNoneCompensate;SubProcessCollapsedEventLoopStandardCompensateNone;SubProcessCollapsedEventLoopStandardCompensate;SubProcessCollapsedEventLoopMIParallelCompensateNone;SubProcessCollapsedEventLoopMIParallelCompensate;SubProcessCollapsedEventLoopMISequentialCompensateNone;SubProcessCollapsedEventLoopMISequentialCompensate;SubProcessCollapsedEventAdHocLoopNoneCompensateNone;SubProcessCollapsedEventAdHocLoopNoneCompensate;SubProcessCollapsedEventAdHocLoopStandardCompensateNone;SubProcessCollapsedEventAdHocLoopStandardCompensate;SubProcessCollapsedEventAdHocLoopMIParallelCompensateNone;SubProcessCollapsedEventAdHocLoopMIParallelCompensate;SubProcessCollapsedEventAdHocLoopMISequentialCompensateNone;Collapsed Event SubProcess AdHoc Loop MI Sequential Compensate;Data Object;Data Object Collection;Data Store;Data Input;Data Output;Exclusive Gateway NoMarker;Exclusive Gateway;Parallel Gateway;Inclusive Gateway;Event Based Gateway;Event Based Gateway Exclusive Instantiation;Event Based Gateway Parallel Instantiation;Complex Gateway;Start Multiple Parallel Event;Start Multiple Event;Start Event;Start Signal Event;Start Conditional Event;Start Timer Event;Start Message Event;Start Message Event SubProcess Interrupting;Start Timer Event SubProcess Interrupting;Start Escalation Event SubProcess Interrupting;Start Conditional Event SubProcess Interrupting;Start Error Event SubProcess Interrupting;Start Compensate Event SubProcess Interrupting;Start Signal Event SubProcess Interrupting;Start Multiple Event SubProcess Interrupting;Start Multiple Parallel Event SubProcess Interrupting;Start Message Event SubProcess NonInterrupting;Start Timer Event SubProcess NonInterrupting;Start Escalation Event SubProcess NonInterrupting;Start Conditional Event SubProcess NonInterrupting;Start Signal Event SubProcess NonInterrupting;Start Multiple Parallel Event SubProcess NonInterrupting;Start Multiple Event SubProcess NonInterrupting;End Event;End Multiple Event;End Escalation Event;End Error Event;End Signal Event;End Compensate Event;End Cancel Event;End Message Event;End Terminate Event;Intermediate Catch Multiple Event;Intermediate Catch Multiple Parallel Event;Intermediate Catch Message Event;Intermediate Catch Timer Event;Intermediate Catch Conditional Event;Intermediate Catch Link Event;Intermediate Catch Signal Event;Intermediate Throw Event;Intermediate Throw Message Event;Intermediate Throw Escalation Event;Intermediate Throw Link Event;Intermediate Throw Signal Event;Intermediate Throw Compensate Event;Intermediate Throw Multiple Event;Intermediate Boundary Message Event;Intermediate Boundary Timer Event;Intermediate Boundary Cancel Event;Intermediate Boundary Conditional Event;Intermediate Boundary Escalation Event;Intermediate Boundary Error Event;Intermediate Boundary Signal Event;Intermediate Boundary Compensate Event;Intermediate Boundary Multiple Event;Intermediate Boundary Multiple Parallel Event;Intermediate Boundary Timer Event NonInterrupting;Intermediate Boundary Escalation Event NonInterrupting;Intermediate Boundary Conditional Event NonInterrupting;Intermediate Boundary Message Event NonInterrupting;Intermediate Boundary Signal Event NonInterrupting;Intermediate Boundary Multiple Event NonInterrupting;Intermediate Boundary Multiple Parallel Event NonInterrupting;Message Flow;Sequence Flow;Default Flow;Conditional Flow;Lane;Collapsed Pool;Collapsed Pool Multiplicity;Expanded Pool;Expanded Pool Multiplicity;Choreography Task;Choreography Message;Choreography Task Sequential Multiple Instance;Choreography Task Parallel Multiple Instance;Choreography Task Loop;Collapsed Choreography Subprocess ;Collapsed Choreography Subprocess Parallel Multiple Instance;Collapsed Choreography Subprocess Sequential Multiple Instance;Collapsed Choreography Subprocess Loop;Collapsed Choreography Subprocess Call;Collapsed Choreography Subprocess Call Sequential Multiple Instance;Collapsed Choreography Subprocess Call Parallel Multiple Instance;Collapsed Choreography Subprocess Call Loop;Expanded Choreography;Expanded Choreography Subprocess Sequential Multiple Instance;Expanded Choreography Subprocess Parallel Multiple Instance;Expanded Choreography Subprocess Loop;Choreography Participant;Choreography Multiple Participant;Conversation;Conversation SubProcess;Conversation Call;Conversation Link;Association Undirected;Association Unidirectional;Association Bidirectional;Association DataOutput;Association DataInput;Group;Text Annotation;TotalElements;Practical Complexity;Total number of words;Total number of characters;Labels Separated by (^^^);Concatenated Labels;
Warenversand13_2d121daabba3486ea3752d869f0b5541.bpmn;Signavio;8;0;0;0;0;0;0;0;0;0;0;0;0;0;0;0;0;0;0;0;0;0;0;0;0;0;0;0;0;0;0;0;0;0;0;0;0;0;0;0;0;0;0;0;0;0;0;0;0;0;0;0;0;0;0;0;0;0;0;0;0;0;0;0;0;0;0;0;0;0;0;0;0;0;0;0;0;0;0;0;0;0;0;0;0;0;0;0;0;0;0;0;0;0;0;0;0;0;0;0;0;0;0;0;0;0;0;0;0;0;0;0;0;0;0;0;0;0;0;0;0;0;0;0;0;0;0;0;0;0;0;0;0;0;0;0;0;0;0;0;0;0;0;0;0;0;0;0;0;0;0;0;0;0;0;0;0;0;4;2;0;0;0;0;0;0;0;1;0;0;0;0;0;0;0;0;0;0;0;0;0;0;0;0;0;0;0;0;1;0;0;0;0;0;0;0;0;0;0;0;0;0;0;0;0;0;0;0;0;0;0;0;0;0;0;0;0;0;0;0;0;0;0;0;0;0;0;0;0;17;0;0;0;0;0;0;0;0;0;0;0;0;0;0;0;0;0;0;0;0;0;0;0;0;0;0;0;0;0;0;0;0;0;0;0;0;0;33;6;16;328;Warenversand^^^Frage:WarenmengeGroß/Gering?^^^Postversand,Paketscheinausfüllen^^^Frage:VersicherungJa/Nein?^^^Versicherungabschließen^^^3Angeboteeinholen^^^Angeboteprüfen^^^Spediteurbeauftragen^^^Versandorganisieren^^^WarezumVersandverpacken^^^WarezurAbholungbereitstellen^^^Warenversand^^^VersicherungJA^^^VersicherungNEIN^^^kleineWarenmenge^^^großeWarenmenge=Sonderversand;WarenversandFrage:WarenmengeGroß/Gering?PostversandPaketscheinausfüllenFrage:VersicherungJa/Nein?Versicherungabschließen3AngeboteeinholenAngeboteprüfenSpediteurbeauftragenVersandorganisierenWarezumVersandverpackenWarezurAbholungbereitstellenWarenversandVersicherungJAVersicherungNEINkleineWarenmengegroßeWarenmenge=Sonderversand
Warenversands_18034ca70a8c4940a637257a44cc4757.bpmn;Signavio;6;0;0;0;0;0;0;0;0;0;0;0;0;0;0;0;0;0;0;0;0;0;0;0;0;0;0;0;0;0;0;0;0;0;0;0;0;0;0;0;0;0;0;0;0;0;0;0;0;0;0;0;0;0;0;0;0;0;0;0;0;0;0;0;0;0;0;0;0;0;0;0;0;0;0;0;0;0;0;0;0;0;0;0;0;0;0;0;0;0;0;0;0;0;0;0;0;0;0;0;0;0;0;0;0;0;0;0;0;0;0;0;0;0;0;0;0;0;0;0;0;0;0;0;0;0;0;0;0;0;0;0;0;0;0;0;0;0;0;0;0;0;0;0;0;0;0;0;0;0;0;0;0;0;0;0;0;0;2;2;0;0;0;0;0;0;0;1;0;0;0;0;0;0;0;0;0;0;0;0;0;0;0;0;0;0;0;0;2;0;0;0;0;0;0;0;0;0;0;0;0;0;0;0;0;0;0;0;0;0;0;0;0;0;0;0;0;0;0;0;0;0;0;0;0;0;0;0;0;15;0;0;3;0;0;1;0;0;0;0;0;0;0;0;0;0;0;0;0;0;0;0;0;0;0;0;0;0;0;0;1;0;0;0;0;0;1;34;10;17;301;Warenversands^^^Warenversands^^^Sekretariat^^^Logistikleiter^^^Lagerarbeiter^^^Angebotbei3Spediteureinholen^^^GewähltenSpediteurbeauftragen^^^Sonderversand(Grossmengen)?^^^StandardisiertePaketscheinausfüllen^^^VersicherungderWareerforderlich?^^^Versicherungabschliessen^^^Wareverpacken^^^VerpackteWarezurAbholungbereitstellen^^^Nein^^^Ja^^^Nein^^^Ja;WarenversandsWarenversandsSekretariatLogistikleiterLagerarbeiterAngebotbei3SpediteureinholenGewähltenSpediteurbeauftragenSonderversand(Grossmengen)?StandardisiertePaketscheinausfüllenVersicherungderWareerforderlich?VersicherungabschliessenWareverpackenVerpackteWarezurAbholungbereitstellenNeinJaNeinJa
Warenversands_1dd15a5071d64e0f81f1c3dc3e929f9d.bpmn;Signavio;7;0;0;0;0;0;0;0;0;0;0;0;0;0;0;0;0;0;0;0;0;0;0;0;0;0;0;0;0;0;0;0;0;0;0;0;0;0;0;0;0;0;0;0;0;0;0;0;0;0;0;0;0;0;0;0;0;0;0;0;0;0;0;0;0;0;0;0;0;0;0;0;0;0;0;0;0;0;0;0;0;0;0;0;0;0;0;0;0;0;0;0;0;0;0;0;0;0;0;0;0;0;0;0;0;0;0;0;0;0;0;0;0;0;0;0;0;0;0;0;0;0;0;0;0;0;0;0;0;0;0;0;0;0;0;0;0;0;0;0;0;0;0;0;0;0;0;0;0;0;0;0;0;0;0;0;0;0;4;2;0;0;0;0;0;0;0;1;0;0;0;0;0;0;0;0;0;0;0;0;0;0;0;0;0;0;0;0;1;0;0;0;0;0;0;0;0;0;0;0;0;0;0;0;0;0;0;0;0;0;0;0;0;0;0;0;0;0;0;0;0;0;0;0;0;0;0;0;0;17;0;0;4;0;0;2;0;0;0;0;0;0;0;0;0;0;0;0;0;0;0;0;0;0;0;0;0;0;0;0;0;0;0;0;0;0;0;38;8;22;309;ComputerHardwareHändler^^^Spediteur^^^ComputerHardwareHändler^^^Sekretariat^^^Logistikleiter^^^Lagerarbeiter^^^Paketscheinausfüllen^^^Waresollversandtwerden^^^Spediteurbeauftragen^^^Versandartklären^^^Sonderversand?^^^Angeboteeinholen^^^Angebotauswählen^^^Versicherungabschliessen^^^Versicherung?^^^Wareverpacken^^^WarezurAbholungbereit^^^ja^^^nein^^^nein^^^ja^^^Spediteur;ComputerHardwareHändlerSpediteurComputerHardwareHändlerSekretariatLogistikleiterLagerarbeiterPaketscheinausfüllenWaresollversandtwerdenSpediteurbeauftragenVersandartklärenSonderversand?AngeboteeinholenAngebotauswählenVersicherungabschliessenVersicherung?WareverpackenWarezurAbholungbereitjaneinneinjaSpediteur
Warenversand_vorbereiten_9bdbc931870c48daa9d34a5b91e56c6e.bpmn;Signavio;7;0;0;0;0;0;0;0;0;0;0;0;0;0;0;0;0;0;0;0;0;0;0;0;0;0;0;0;0;0;0;0;0;0;0;0;0;0;0;0;0;0;0;0;0;0;0;0;0;0;0;0;0;0;0;0;0;0;0;0;0;0;0;0;0;0;0;0;0;0;0;0;0;0;0;0;0;0;0;0;0;0;0;0;0;0;0;0;0;0;0;0;0;0;0;0;0;0;0;0;0;0;0;0;0;0;0;0;0;0;0;0;0;0;0;0;0;0;0;0;0;0;0;0;0;0;0;0;0;0;0;0;0;0;0;0;0;0;0;0;0;0;0;0;0;0;0;0;0;0;0;0;0;0;0;0;0;0;2;2;2;0;0;0;0;0;0;1;0;0;0;0;0;0;0;0;0;0;0;0;0;0;0;0;0;0;0;0;1;0;0;0;0;0;0;0;0;0;0;0;0;0;0;0;0;0;0;0;0;0;0;0;0;0;0;0;0;0;0;0;0;0;0;0;0;0;0;0;0;17;0;0;3;0;0;1;0;0;0;0;0;0;0;0;0;0;0;0;0;0;0;0;0;0;0;0;0;0;0;0;0;0;0;0;0;0;0;36;9;17;293;WarenversandVorbereitung^^^WarenversandVorbereitung^^^Sekretariat^^^Logistikleiter^^^Lagerarbeiter^^^Warenversandnotwendig^^^Paketscheinausfüllen^^^Angeboteanfordern^^^Angebotauswählen^^^Auftragerteilen^^^Versicherungabschließen^^^Wareverpacken^^^Warebereitstellen^^^Warebereitgestellt^^^Normalversand^^^Sonderversand^^^Versicherungnotwendig;WarenversandVorbereitungWarenversandVorbereitungSekretariatLogistikleiterLagerarbeiterWarenversandnotwendigPaketscheinausfüllenAngeboteanfordernAngebotauswählenAuftragerteilenVersicherungabschließenWareverpackenWarebereitstellenWarebereitgestelltNormalversandSonderversandVersicherungnotwendig
Warenversand_vorbereiten_e7b6bf08f8b04596a8ca0ff163962d64.bpmn;Signavio;8;0;0;0;0;0;0;0;0;0;0;0;0;0;0;0;0;0;0;0;0;0;0;0;0;0;0;0;0;0;0;0;0;0;0;0;0;0;0;0;0;0;0;0;0;0;0;0;0;0;0;0;0;0;0;0;0;0;0;0;0;0;0;0;0;0;0;0;0;0;0;0;0;0;0;0;0;0;0;0;0;0;0;0;0;0;0;0;0;0;0;0;0;0;0;0;0;0;0;0;0;0;0;0;0;0;0;0;0;0;0;0;0;0;0;0;0;0;0;0;0;0;0;0;0;0;0;0;0;0;0;0;0;0;0;0;0;0;0;0;0;0;0;0;0;0;0;0;0;0;0;0;0;0;0;0;0;0;2;0;0;0;0;0;0;0;0;0;0;1;0;0;0;0;0;0;0;0;0;0;0;0;0;0;0;0;0;0;0;0;0;0;0;0;0;0;0;0;0;0;0;0;0;0;0;0;0;0;0;0;0;0;0;0;0;0;0;0;0;0;0;0;0;0;0;0;0;0;0;8;0;0;3;0;0;1;0;0;0;0;0;0;0;0;0;0;0;0;0;0;0;0;0;0;0;0;0;0;0;0;0;0;0;0;0;0;0;23;6;19;249;Organisation^^^Organisation^^^Sekretariat^^^Logistikleitung^^^Lager^^^Waresollversendetwerden^^^Mengefeststellen^^^Mengegroß?^^^Angeboteeinholen^^^Paketscheinausfüllen^^^Angebotauswählen^^^Versicherungnotwendig?^^^Versicherungabschließen^^^Warebereitstellen^^^Wareverpacken^^^nein^^^ja^^^ja^^^Mengeklein;OrganisationOrganisationSekretariatLogistikleitungLagerWaresollversendetwerdenMengefeststellenMengegroß?AngeboteeinholenPaketscheinausfüllenAngebotauswählenVersicherungnotwendig?VersicherungabschließenWarebereitstellenWareverpackenneinjajaMengeklein
WD_Regressnahme_0abf0ac178b5445cb479e41c3efdfb0c.bpmn;Signavio;7;0;0;0;0;0;0;0;0;0;0;0;0;0;0;0;0;0;0;0;0;0;0;0;0;0;0;0;0;0;0;0;0;0;0;0;0;0;0;0;0;0;0;0;0;0;0;0;0;0;0;0;0;0;0;0;0;0;0;0;0;0;0;0;0;0;0;0;0;0;0;0;0;0;0;0;0;0;0;0;0;0;0;0;0;0;0;0;0;0;0;0;0;0;0;0;0;0;0;0;0;0;0;0;0;0;0;0;0;0;0;0;0;0;0;0;0;0;0;0;0;0;0;0;0;0;0;0;0;0;0;0;0;0;0;0;0;0;0;0;0;0;0;0;0;0;0;0;0;0;0;0;0;0;0;0;0;0;6;0;0;0;0;0;0;0;0;0;0;0;0;1;0;0;0;0;0;0;0;0;0;0;0;0;0;0;0;0;1;0;0;0;0;0;0;0;0;0;0;0;1;0;0;0;0;2;0;0;0;0;0;0;0;0;0;0;0;0;0;0;0;0;0;0;0;0;0;0;0;20;0;0;1;0;0;1;0;0;0;0;0;0;0;0;0;0;0;0;0;0;0;0;0;0;0;0;0;0;0;0;0;0;0;0;0;0;0;40;9;24;363;Regressnahme^^^Regressnahme^^^Versicherer^^^möglicherweiseRegress^^^Regressprüfen^^^Regressmöglich^^^Zahlungsaufforderungschicken^^^Zahlungsaufforderung^^^Wiedervorlagein1Woche^^^Geldeingangprüfen^^^Geldeingangerfolgt^^^Geldeingangverbuchen^^^geschlossenerRegress^^^WiderspruchVNprüfen^^^Widerspruchgerechtfertigt^^^Inkassodienstleisterbeauftragen^^^AuftragInkassodienstleister^^^Vorgangschließen^^^ja^^^nein^^^ja^^^nein^^^ja^^^nein;RegressnahmeRegressnahmeVersicherermöglicherweiseRegressRegressprüfenRegressmöglichZahlungsaufforderungschickenZahlungsaufforderungWiedervorlagein1WocheGeldeingangprüfenGeldeingangerfolgtGeldeingangverbuchengeschlossenerRegressWiderspruchVNprüfenWiderspruchgerechtfertigtInkassodienstleisterbeauftragenAuftragInkassodienstleisterVorgangschließenjaneinjaneinjanein
WD_Schufascoring_99d71b1a924f4e688e7b2d5f524f3475.bpmn;Signavio;9;0;0;0;0;0;0;0;0;0;0;0;0;0;0;0;0;0;0;0;0;0;0;0;0;0;0;0;0;0;0;0;0;0;0;0;0;0;0;0;0;0;0;0;0;0;0;0;0;0;0;0;0;0;0;0;0;0;0;0;0;0;0;0;0;0;0;0;0;0;0;0;0;0;0;0;0;0;0;0;0;0;0;0;0;0;0;0;0;0;0;0;0;0;0;0;0;0;0;0;0;0;0;0;0;0;0;0;0;0;0;0;0;0;0;0;0;0;0;0;0;0;0;0;0;0;0;0;0;0;0;0;0;0;0;0;0;0;0;0;0;0;0;0;0;0;0;0;0;0;0;0;0;0;0;0;0;0;2;0;0;0;0;0;0;0;0;0;0;0;0;2;0;0;0;0;0;0;0;0;0;0;0;0;0;0;0;0;0;0;0;0;0;0;0;3;0;1;0;3;0;0;0;0;0;3;0;0;0;0;0;0;0;0;0;0;0;0;0;0;0;0;0;0;0;0;0;0;7;22;0;0;2;1;0;2;0;0;0;0;0;0;0;0;0;0;0;0;0;0;0;0;0;0;0;0;0;0;0;0;0;0;0;0;0;0;0;57;12;23;399;Schufascoring^^^Schufaservice^^^Kreditvergabe^^^Schufaanfrage^^^Scorringanfrage^^^ErgebnisScoringanfrage^^^VerzögerungScoringanfrage^^^Anfrageerfolgreich^^^Verzögerung^^^Schufascoring^^^Schufaanfragestarten^^^Verzögerungsmeldungsenden^^^Schufanachrichtsenden^^^Schufaservice^^^Ergebnisermittelt?^^^Level2Scoringdurchführen^^^Verzögerungsnachrichterstellen^^^Level1Scoringdurchführen^^^ErgebnisLevel1prüfen^^^Positivnachrichtsenden^^^ErgebnisLevel2senden^^^nein^^^ja;SchufascoringSchufaserviceKreditvergabeSchufaanfrageScorringanfrageErgebnisScoringanfrageVerzögerungScoringanfrageAnfrageerfolgreichVerzögerungSchufascoringSchufaanfragestartenVerzögerungsmeldungsendenSchufanachrichtsendenSchufaserviceErgebnisermittelt?Level2ScoringdurchführenVerzögerungsnachrichterstellenLevel1ScoringdurchführenErgebnisLevel1prüfenPositivnachrichtsendenErgebnisLevel2sendenneinja
WD_Warenversand_db3b73499a5b407ab18f0b987f2ecdc1.bpmn;Signavio;10;0;0;0;0;0;0;0;0;0;0;0;0;0;0;0;0;0;0;0;0;0;0;0;0;0;0;0;0;0;0;0;0;0;0;0;0;0;0;0;0;0;0;0;0;0;0;0;0;0;0;0;0;0;0;0;0;0;0;0;0;0;0;0;0;0;0;0;0;0;0;0;0;0;0;0;0;0;0;0;0;0;0;0;0;0;0;0;0;0;0;0;0;0;0;0;0;0;0;0;0;0;0;0;0;0;0;0;0;0;0;0;0;0;0;0;0;0;0;0;0;0;0;0;0;0;0;0;0;0;0;0;0;0;0;0;0;0;0;0;0;0;0;0;0;0;0;0;0;0;0;0;0;0;0;0;0;0;4;4;0;0;0;0;0;0;0;1;0;0;0;0;0;0;0;0;0;0;0;0;0;0;0;0;0;0;0;0;1;0;0;0;0;0;0;0;0;0;0;0;0;0;0;0;0;0;0;0;0;0;0;0;0;0;0;0;0;0;0;0;0;0;0;0;0;0;0;0;0;24;0;0;3;0;0;1;0;0;0;0;0;0;0;0;0;0;0;0;0;0;0;0;0;0;0;0;0;0;0;0;0;0;0;0;0;0;0;48;8;23;358;Versandabteilung^^^Versandabteilung^^^Lagerarbeiter^^^Sekretariat^^^Logisitikleiter^^^Warebereitstellen^^^Wareverpacken^^^Paketscheinausfüllen^^^AngebotS1einholen^^^Spediteurbeauftragen^^^AngebotS2einholen^^^AngebotS3einholen^^^Versicherungerforderlich?^^^zurAbholungbereitgestellteWare^^^versandfertigeWare^^^Versandartprüfen^^^Sonderversanderforderlich?^^^Angebotauswählen^^^Versicherungabschließen^^^ja^^^nein^^^ja^^^nein;VersandabteilungVersandabteilungLagerarbeiterSekretariatLogisitikleiterWarebereitstellenWareverpackenPaketscheinausfüllenAngebotS1einholenSpediteurbeauftragenAngebotS2einholenAngebotS3einholenVersicherungerforderlich?zurAbholungbereitgestellteWareversandfertigeWareVersandartprüfenSonderversanderforderlich?AngebotauswählenVersicherungabschließenjaneinjanein
WF-Schufa_4bd870948519452f9377c062520155d7.bpmn;Signavio;7;0;0;0;0;0;0;0;0;0;0;0;0;0;0;0;0;0;0;0;0;0;0;0;0;0;0;0;0;0;0;0;0;0;0;0;0;0;0;0;0;0;0;0;0;0;0;0;0;0;0;0;0;0;0;0;0;0;0;0;0;0;0;0;0;0;0;0;0;0;0;0;0;0;0;0;0;0;0;0;0;0;0;0;0;0;0;0;0;0;0;0;0;0;0;0;0;0;0;0;0;0;0;0;0;0;0;0;0;0;0;0;0;0;0;0;0;0;0;0;0;0;0;0;0;0;0;0;0;0;0;0;0;0;0;0;0;0;0;0;0;0;0;0;0;0;0;0;0;0;0;0;1;0;0;0;0;0;2;0;0;0;0;0;0;0;0;0;0;0;0;2;0;0;0;0;0;0;0;0;0;0;0;0;0;0;0;0;1;0;0;0;0;0;0;0;0;0;0;2;0;0;0;0;0;0;0;0;0;0;0;0;0;0;0;0;0;0;0;0;0;0;0;0;0;0;0;0;5;12;0;0;2;1;0;2;0;0;0;0;0;0;0;0;0;0;0;0;0;0;0;0;0;0;0;0;0;0;0;0;1;0;0;0;0;0;0;38;12;20;347;Schufascoring(Bank)^^^Schufaservice(Schufa)^^^KreditvergabeFrontend(Bank)^^^Schufascoring(Bank)^^^BonitätbeiSchufaanfragen^^^ErgebnisanFrontendweiterleiten^^^Level1Ergebnisvorhanden?^^^ja^^^nein^^^Schufaservice(Schufa)^^^KreditanfrageDaten^^^Level1Scoring^^^Scoringerfolgreich?^^^Level1ErgebnisanBankmelden^^^Level2Scoring^^^VerzögerunganBankmelden^^^ErgebnisanBankmelden^^^ja^^^nein^^^KreditanfrageDaten;Schufascoring(Bank)Schufaservice(Schufa)KreditvergabeFrontend(Bank)Schufascoring(Bank)BonitätbeiSchufaanfragenErgebnisanFrontendweiterleitenLevel1Ergebnisvorhanden?janeinSchufaservice(Schufa)KreditanfrageDatenLevel1ScoringScoringerfolgreich?Level1ErgebnisanBankmeldenLevel2ScoringVerzögerunganBankmeldenErgebnisanBankmeldenjaneinKreditanfrageDaten
WF_Regressnahme_4a1c27d6e2a4445c96b030eedef71cb0.bpmn;Signavio;4;0;0;0;0;0;0;0;0;0;0;0;0;0;0;0;0;0;0;0;0;0;0;0;0;0;0;0;0;0;0;0;0;0;0;0;0;0;0;0;0;0;0;0;0;0;0;0;0;0;0;0;0;0;0;0;0;0;0;0;0;0;0;0;0;0;0;0;0;0;0;0;0;0;0;0;0;0;0;0;0;0;0;0;0;0;0;0;0;0;0;0;0;0;0;0;0;0;0;0;0;0;0;0;0;0;0;0;0;0;0;0;0;0;0;0;0;0;0;0;0;0;0;0;0;0;0;0;0;0;0;0;0;0;0;0;0;0;0;0;0;0;0;0;0;0;0;0;0;0;0;0;0;0;0;0;0;0;1;0;0;0;0;0;0;0;0;0;0;0;0;1;0;0;0;0;0;0;0;0;0;0;0;0;0;0;0;0;1;0;0;0;0;0;0;0;0;0;0;0;0;0;0;0;0;0;0;0;0;0;0;0;0;0;0;0;0;0;0;0;0;0;0;0;0;0;0;0;0;6;0;0;1;0;0;1;0;0;0;0;0;0;0;0;0;0;0;0;0;0;0;0;0;0;0;0;0;0;0;0;0;0;0;0;0;0;0;15;7;11;196;RegressnahmeSachbearbeiter^^^RegressnahmeSachbearbeiter^^^Regressnahme^^^Regressmöglich?^^^Vorgangschließen^^^Vorganggeschlossen^^^ZahlungsaufforderunganVNunterFristsetzung^^^VorgangaufWiedervorlage^^^Regressprüfen^^^ja^^^nein;RegressnahmeSachbearbeiterRegressnahmeSachbearbeiterRegressnahmeRegressmöglich?VorgangschließenVorganggeschlossenZahlungsaufforderunganVNunterFristsetzungVorgangaufWiedervorlageRegressprüfenjanein
WF_Warenversand_bce5f3d3697b46a193da41c381b4b07c.bpmn;Signavio;6;0;0;0;0;0;0;0;0;0;0;0;0;0;0;0;0;0;0;0;0;0;0;0;0;0;0;0;0;0;0;0;0;0;0;0;0;0;0;0;0;0;0;0;0;0;0;0;0;0;0;0;0;0;0;0;0;0;0;0;0;0;0;0;0;0;0;0;0;0;0;0;0;0;0;0;0;0;0;0;0;0;0;0;0;0;0;0;0;0;0;0;0;0;0;0;0;0;0;0;0;0;0;0;0;0;0;0;0;0;0;0;0;0;0;0;0;0;0;0;0;0;0;0;0;0;0;0;0;0;0;0;0;0;0;0;0;0;0;0;0;0;0;0;0;0;0;0;0;0;0;0;0;0;0;0;0;0;2;0;0;0;0;0;0;0;0;1;0;0;0;0;0;0;0;0;0;0;0;0;0;0;0;0;0;0;0;0;1;0;0;0;0;0;0;0;0;0;0;0;0;0;0;0;0;0;0;0;0;0;0;0;0;0;0;0;0;0;0;0;0;0;0;0;0;0;0;0;0;10;0;0;3;0;0;1;0;0;0;0;0;0;0;0;0;0;0;0;0;0;0;0;0;0;0;0;0;0;0;0;0;0;0;0;0;0;0;24;7;11;182;Lagerarbeiter^^^Logistikleiter^^^Sekretariat^^^Wareverpacken^^^WarezurAbholungbereitstellen^^^Versicherungabschließen^^^3Angeboteeinholen^^^Paketscheinausfüllen^^^Spediteurbeauftragen^^^Sonderversand^^^Kleinmenge;LagerarbeiterLogistikleiterSekretariatWareverpackenWarezurAbholungbereitstellenVersicherungabschließen3AngeboteeinholenPaketscheinausfüllenSpediteurbeauftragenSonderversandKleinmenge
